"diet","weight"
1,18.6365780768548
1,27.5374373739143
1,16.9780325494893
1,22.2805710657093
1,28.8457634908095
1,19.5883680741813
1,20.1113344593322
1,19.4585147499029
1,20.8569054605354
1,22.5524328992157
1,26.9105213754138
1,18.7928821813887
2,14.6784295998904
2,18.3698625755725
2,14.7129598404883
2,18.4440554378006
2,16.6107476211483
2,10.2641329596337
2,19.9632690237468
2,17.962578373063
2,22.602047781333
2,22.767477575471
2,24.8718476136788
2,21.8270443582316
